question_id,question,gold_answer,category,source
q767,What are the treatments for Heart Failure ?,"Many medications are used to manage heart failure. They include diuretics, ACE inhibitors, beta blockers and digoxin. Diuretics are used to reduce fluid buildup. ACE inhibitors work to improve heart failure in many ways, including lowering blood pressure. Beta blockers can also improve heart failure in many ways, including slowing the heart rate. Digoxin affects the hormones that worsen heart failure.",Heart Failure,NIHSeniorHealth
q486,Who is at risk for Lung Cancer? ?,"Another substance that can contribute to lung cancer is asbestos. Asbestos is used in shipbuilding, asbestos mining and manufacturing, insulation work, and brake repair, but many products that contain asbestos have been phased out over the past several decades. If inhaled, asbestos particles can lodge in the lungs, damaging cells and increasing the risk for lung cancer.",Lung Cancer,NIHSeniorHealth
q384,How to diagnose Breast Cancer ?,"Most cancers in their early, most treatable stages do not cause any symptoms. That is why it's important to have regular tests to check for cancer long before you might notice anything wrong. Detecting Breast Cancer Through Screening When breast cancer is found early, it is more likely to be treated successfully. Checking for cancer in a person who does not have any symptoms is called screening. Screening tests for breast cancer include, among others, clinical breast exams and mammograms. Recent studies have shown that ultrasound and MRI's may also be useful complementary screening tools, particularly in women with mammograms that are not definitive. During a clinical breast exam, the doctor or other health care professional checks the breasts and underarms for lumps or other changes that could be a sign of breast cancer.  A mammogram is a special x-ray of the breast that often can detect cancers that are too small for a woman or her doctor to feel. (Watch the video to learn more about digital mammography and dense breasts. To enlarge the video, click the brackets in the lower right-hand corner. To reduce the video, press the Escape (Esc) button on your keyboard.) Who Should Have a Mammography? Several studies show that mammography screening has reduced the number of deaths from breast cancer. However, some other studies have not shown a clear benefit from mammography. Scientists are continuing to examine the level of benefit that mammography can produce. The U.S. Preventive Services Task Force (USPSTF) recommends a screening mammography for women 50-74 years every two years.  Learn more about the USPSTF mammography recommendations here. Between 5 and 10 percent of mammogram results are abnormal and require more testing. Most of these follow-up tests confirm that no cancer was present. Worried about the cost of a mammogram? Learn about free and low-cost screenings. (Centers for Disease Control and Prevention) How Biopsies are Performed If needed, the most common follow-up test a doctor will recommend is called a biopsy. This is a procedure where a small amount of fluid or tissue is removed from the breast to make a diagnosis. A doctor might perform fine needle aspiration, a needle or core biopsy, or a surgical biopsy. - With fine needle aspiration, doctors numb the area and use a thin needle to remove fluid and/or cells from a breast lump. If the fluid is clear, it may not need to be checked out by a lab.  - For a needle biopsy, sometimes called a core biopsy, doctors use a needle to remove tissue from an area that looks suspicious on a mammogram but cannot be felt. This tissue goes to a lab where a pathologist examines it to see if any of the cells are cancerous.  - In a surgical biopsy, a surgeon removes a sample of a lump or suspicious area. Sometimes it is necessary to remove the entire lump or suspicious area, plus an area of healthy tissue around the edges. The tissue then goes to a lab where a pathologist examines it under a microscope to check for cancer cells.  With fine needle aspiration, doctors numb the area and use a thin needle to remove fluid and/or cells from a breast lump. If the fluid is clear, it may not need to be checked out by a lab. For a needle biopsy, sometimes called a core biopsy, doctors use a needle to remove tissue from an area that looks suspicious on a mammogram but cannot be felt. This tissue goes to a lab where a pathologist examines it to see if any of the cells are cancerous. In a surgical biopsy, a surgeon removes a sample of a lump or suspicious area. Sometimes it is necessary to remove the entire lump or suspicious area, plus an area of healthy tissue around the edges. The tissue then goes to a lab where a pathologist examines it under a microscope to check for cancer cells. Another type of surgical biopsy that removes less breast tissue is called an image-guided needle breast biopsy, or stereotactic biopsy. Eighty percent of U.S. women who have a surgical breast biopsy do not have cancer. However, women who have breast biopsies are at higher risk of developing breast cancer than women who have never had a breast biopsy. Other Detection Methods Magnetic resonance imaging, or MRI, and ultrasound are two other techniques which, as supplements to standard mammography, might help detect breast cancer with greater accuracy. Genetic Detection The most comprehensive study to date of gene mutations in breast cancer, published in September 2012, confirmed that there are four primary subtypes of breast cancer, each with its own biology. The four groups are called intrinsic subtypes of breast cancer and include HER2-enriched (HER2E), Luminal A (LumA), Luminal B (LumB) and Basal-like. The outlook for survival is different for each of these subtypes of breast cancer. Researchers found that one subtype, Basal-like breast cancer, shares many genetic features with a form of ovarian cancer, and that both may respond similarly to drugs that reduce tumor growth or target DNA repair. The authors hope that discovery of these mutations will be an important step in the effort to improve therapies for breast cancer. For the time being, there are no genetic tests that are commercially available based solely on these findings. Soon, however, knowing extensively which breast cancer gene mutations a woman has should help guide precision treatment.",Breast Cancer,NIHSeniorHealth
q553,What is (are) High Blood Cholesterol ?,Triglycerides are another kind of fat that your liver makes. They can also signal an increased chance of developing heart disease.,High Blood Cholesterol,NIHSeniorHealth
q480,What is (are) Lung Cancer ?,"There are two major types of lung cancer -- non-small cell lung cancer and small cell lung cancer. Each type of lung cancer grows and spreads in different ways, and each is treated differently. Non-small cell lung cancer is more common than small cell lung cancer. It generally grows and spreads slowly.  Learn more about non-small cell carcinoma.  Small cell lung cancer,  sometimes called oat cell cancer, grows more quickly and is more likely to spread to other organs in the body.  Learn more about small cell carcinoma.",Lung Cancer,NIHSeniorHealth
q506,What are the symptoms of Stroke ?,"Know the Signs Knowing the warning signs of stroke and controlling stroke's risk factors can lower your risk of death or disability. If you suffer a stroke, you may not realize it at first. The people around you might not know it, either. Your family, friends, or neighbors may think you are unaware or confused. You may not be able to call 911 on your own. That's why everyone should know the signs of stroke and know how to act fast. Warning signs are clues your body sends to tell you that your brain is not receiving enough oxygen. If you observe one or more of the following signs of a stroke or ""brain attack,"" don't wait. Call 911 right away! Common Signs of Stroke These are warning signs of a stroke: - sudden numbness or weakness of the face, arm, or leg, especially on one side of the body  - sudden confusion, trouble speaking or understanding  - sudden trouble seeing in one or both eyes  - sudden trouble walking, dizziness, loss of balance or coordination  - sudden severe headache with no known cause. sudden numbness or weakness of the face, arm, or leg, especially on one side of the body sudden confusion, trouble speaking or understanding sudden trouble seeing in one or both eyes sudden trouble walking, dizziness, loss of balance or coordination sudden severe headache with no known cause. Other danger signs that may occur include double vision, drowsiness, and nausea or vomiting. Don't Ignore ""Mini-Strokes"" Sometimes the warning signs of stroke may last only a few moments and then disappear. These brief episodes, known as transient ischemic attacks or TIAs, are sometimes called ""mini-strokes."" Although brief, TIAs identify an underlying serious condition that isn't going away without medical help. Unfortunately, since they clear up, many people ignore them. Don't ignore them. Heeding them can save your life. Why It's Important To Act Fast Stroke is a medical emergency. Every minute counts when someone is having a stroke. The longer blood flow is cut off to the brain, the greater the damage. Immediate treatment can save peoples lives and enhance their chances for successful recovery. Ischemic strokes, the most common type of strokes, can be treated with a drug called t-PA that dissolves blood clots obstructing blood flow to the brain. The window of opportunity to start treating stroke patients is three hours, but to be evaluated and receive treatment, patients need to get to the hospital within 60 minutes. What Should You Do? Don't wait for the symptoms of stroke to improve or worsen. If you believe you are having a stroke, call 911 immediately. Making the decision to call for medical help can make the difference in avoiding a lifelong disability and in greatly improving your chances for recovery. If you observe someone having a stroke  if he or she suddenly loses the ability to speak, or move an arm or leg on one side, or experiences facial paralysis on one side  call 911 immediately.",Stroke,NIHSeniorHealth
q260,What causes Alzheimer's Disease ?,"Scientists do not yet fully understand what causes Alzheimer's disease in most people. In early-onset Alzheimers, which occurs in people between the ages of 30 and 60, a genetic mutation is usually the cause. Late-onset Alzheimers, which usually develops after age 60, arises from a complex series of brain changes that occur over decades. The causes probably include a mix of genetic, environmental, and lifestyle factors. These factors affect each person differently. Learn more about the genetics of Alzheimers disease.  Increasing age is the most important known risk factor for Alzheimer's disease. Lifestyle factors, such as diet and physical exercise, and long-term health conditions, like high blood pressure and diabetes, might also play a role in the risk of developing Alzheimers disease.",Alzheimer's Disease,NIHSeniorHealth
q392,What are the symptoms of Breast Cancer ?,"When breast cancer first develops, there may be no symptoms at all. But as the cancer grows, it can cause changes that women should watch for. You can help safeguard your health by learning the following warning signs of breast cancer. -  a lump or thickening in or near the breast or in the underarm area  - a change in the size or shape of the breast  - a dimple or puckering in the skin of the breast  -  a nipple turned inward into the breast  -  fluid, other than breast milk, from the nipple, especially if it's bloody  - scaly, red, or swollen skin on the breast, nipple, or areola (the dark area of skin around the nipple)  - dimples in the breast that look like the skin of an orange. a lump or thickening in or near the breast or in the underarm area a change in the size or shape of the breast a dimple or puckering in the skin of the breast a nipple turned inward into the breast fluid, other than breast milk, from the nipple, especially if it's bloody scaly, red, or swollen skin on the breast, nipple, or areola (the dark area of skin around the nipple) dimples in the breast that look like the skin of an orange. Don't Ignore Symptoms You should see your doctor about any symptoms like these. Most often, they are not cancer, but it's important to check with the doctor so that any problems can be diagnosed and treated as early as possible. Some women believe that as they age, health problems are due to ""growing older."" Because of this myth, many illnesses go undiagnosed and untreated. Don't ignore your symptoms because you think they are not important or because you believe they are normal for your age. Talk to your doctor.",Breast Cancer,NIHSeniorHealth
q810,Who is at risk for Skin Cancer? ?,"Key Points
                    - Avoiding risk factors and increasing protective factors may help prevent cancer.    - Being exposed to ultraviolet radiation is a risk factor for skin cancer.    - It is not known if the following lower the risk of nonmelanoma skin cancer:         - Sunscreen use and avoiding sun exposure     - Chemopreventive agents        - It is not known if the following lower the risk of melanoma:         - Sunscreen     - Counseling and protecting the skin from the sun        - Cancer prevention clinical trials are used to study ways to prevent cancer.    -  New ways to prevent skin cancer are being studied in clinical trials.
                
                
                    Avoiding risk factors and increasing protective factors may help prevent cancer.
                    Avoiding cancer risk factors may help prevent certain cancers. Risk factors include smoking, being overweight, and not getting enough exercise. Increasing protective factors such as quitting smoking and exercising may also help prevent some cancers. Talk to your doctor or other health care professional about how you might lower your risk of cancer.
                
                
                    Being exposed to ultraviolet radiation is a risk factor for skin cancer.
                    Some studies suggest that being exposed to ultraviolet (UV) radiation and the sensitivity of a persons skin to UV radiation are risk factors for skin cancer. UV radiation is the name for the invisible rays that are part of the energy that comes from the sun. Sunlamps and tanning beds also give off UV radiation.   Risk factors for nonmelanoma and melanoma cancers are not the same.         -  Risk factors for nonmelanoma skin cancer:                  - Being exposed to natural sunlight or artificial sunlight (such as from tanning beds) over long periods of time.       - Having a fair complexion, which includes the following:                         - Fair skin that freckles and burns easily, does not tan, or tans poorly.         - Blue or green or other light-colored eyes.          - Red or blond hair.                       - Having actinic keratosis.        - Past treatment with radiation.       - Having a weakened immune system.       - Being exposed to arsenic.                -  Risk factors for melanoma skin cancer:                  - Having a fair complexion, which includes the following:                         - Fair skin that freckles and burns easily, does not tan, or tans poorly.          - Blue or green or other light-colored eyes.         - Red or blond hair.                      - Being exposed to natural sunlight or artificial sunlight (such as from tanning beds) over long periods of time.       - Having a history of many blistering sunburns, especially as a child or teenager.       - Having several large or many small moles.       - Having a family history of unusual moles (atypical nevus syndrome).       - Having a family or personal history of melanoma.        - Being white.
                
                
                    It is not known if the following lower the risk of nonmelanoma skin cancer:
                    Sunscreen use and avoiding sun exposure    It is not known if nonmelanoma skin cancer risk is decreased by staying out of the sun, using sunscreens, or wearing protective clothing when outdoors. This is because not enough studies have been done to prove this.    Sunscreen may help decrease the amount of UV radiation to the skin. One study found that wearing sunscreen can help prevent actinic keratoses, scaly patches of skin that sometimes become squamous cell carcinoma.     The harms of using sunscreen are likely to be small and include allergic reactions to skin creams and lower levels of vitamin D made in the skin because of less sun exposure.     It is also possible that when a person uses sunscreen to avoid sunburn they may spend too much time in the sun and be exposed to harmful UV radiation.    Although protecting the skin and eyes from the sun has not been proven to lower the chance of getting skin cancer, skin experts suggest the following:            -  Use sunscreen that protects against UV radiation.     -  Do not stay out in the sun for long periods of time, especially when the sun is at its strongest.     -  Wear long sleeve shirts, long pants, sun hats, and sunglasses, when outdoors.              Chemopreventive agents     Chemoprevention is the use of drugs, vitamins, or other agents to try to reduce the risk of cancer. The following chemopreventive agents have been studied to find whether they lower the risk of nonmelanoma skin cancer:         Beta carotene      Studies of beta carotene (taken as a supplement in pills) have not shown that it prevents nonmelanoma skin cancer from forming or coming back.            Isotretinoin      High doses of isotretinoin have been shown to prevent new skin cancers in patients with xeroderma pigmentosum. However, isotretinoin has not been shown to prevent nonmelanoma skin cancers from coming back in patients previously treated for nonmelanoma skin cancers. Treatment with isotretinoin can cause serious side effects.            Selenium      Studies have shown that selenium (taken in brewer's yeast tablets) does not lower the risk of basal cell carcinoma, and may increase the risk of squamous cell carcinoma.            Celecoxib      A study of celecoxib in patients with actinic keratosis and a history of nonmelanoma skin cancer found those who took celecoxib had slightly lower rates of recurrent nonmelanoma skin cancers. Celecoxib may have serious side effects on the heart and blood vessels.             Alpha-difluoromethylornithine (DFMO)      A study of alpha-difluoromethylornithine (DFMO) in patients with a history of nonmelanoma skin cancer showed that those who took DFMO had lower rates of nonmelanoma skin cancers coming back than those who took a placebo. DFMO may cause hearing loss which is usually temporary.            Nicotinamide (vitamin B3)      Studies have shown that nicotinamide (vitamin B3) helps prevent new actinic keratoses lesions from forming in people who had four or fewer actinic lesions before taking nicotinamide. More studies are needed to find out if nicotinamide prevents nonmelanoma skin cancer from forming or coming back.
                
                
                    It is not known if the following lower the risk of melanoma:
                    Sunscreen    It has not been proven that using sunscreen to prevent sunburn can protect against melanoma caused by UV radiation. Other risk factors such as having skin that burns easily, having a large number of benign moles, or having atypical nevi may also play a role in whether melanoma forms.       Counseling and protecting the skin from the sun    It is not known if people who receive counseling or information about avoiding sun exposure make changes in their behavior to protect their skin from the sun.",Skin Cancer,CancerGov
q404,What are the treatments for Breast Cancer ?,"Even if the surgeon removes all of the cancer that can be seen at the time of surgery, a woman may still receive follow-up treatment. This may include radiation therapy, chemotherapy, or hormone therapy to try to kill any cancer cells that may be left. Treatment that a patient receives after surgery to increase the chances of a cure is called adjuvant therapy.",Breast Cancer,NIHSeniorHealth
q405,What are the treatments for Breast Cancer ?,"Radiation therapy uses high-energy x-rays or other types of radiation to kill cancer cells and shrink tumors. This therapy often follows a lumpectomy, and is sometimes used after mastectomy. During radiation therapy, a machine outside the body sends high-energy beams to kill the cancer cells that may still be present in the affected breast or in nearby lymph nodes. Doctors sometimes use radiation therapy along with chemotherapy, or before or instead of surgery.",Breast Cancer,NIHSeniorHealth
q678,What are the treatments for Skin Cancer ?,"Yes. Some skin cancer patients take part in studies of new treatments. These studies, called clinical trials, are designed to find out whether a new treatment is both safe and effective. Clinical trials are research studies with people to find out whether a new drug, therapy, or treatment is both safe and effective. New therapies are tested on people only after laboratory and animal studies show promising results. The Food and Drug Administration sets strict rules to make sure that people who agree to be in the studies are treated as safely as possible. Often, clinical trials compare a new treatment with a standard one so that doctors can learn which is more effective. Talk to your doctor if you are interested in taking part in a clinical trial. The U.S. National Institutes of Health, through its National Library of Medicine and other Institutes, maintains a database of clinical trials at ClinicalTrials.gov. - Click here to see a list of the current clinical trials on melanoma.  - Click here to see a list of the current clinical trials on non-melanoma skin cancer. Click here to see a list of the current clinical trials on melanoma. Click here to see a list of the current clinical trials on non-melanoma skin cancer. A separate window will open. Click the ""x"" in the upper right hand corner of the ""Clinical Trials"" window to return here.",Skin Cancer,NIHSeniorHealth
q763,How to diagnose Heart Failure ?,"There is not one specific test to diagnose heart failure. Because the symptoms are common for other conditions, your doctor will determine if you have heart failure by doing a detailed medical history, an examination, and several tests. During a physical exam, a doctor will listen for abnormal heart sounds and lung sounds that indicate fluid buildup, as well as look for signs of swelling. If there are signs of heart failure, the doctor may order several tests, including: - an EKG, or electrocardiogram, to measure the rate and regularity of the heartbeat  - a chest X-ray to evaluate the heart and lungs  - a BNP blood test to measure the level of a hormone called BNP that increases when heart failure is present. an EKG, or electrocardiogram, to measure the rate and regularity of the heartbeat a chest X-ray to evaluate the heart and lungs a BNP blood test to measure the level of a hormone called BNP that increases when heart failure is present.",Heart Failure,NIHSeniorHealth
q654,What are the treatments for Heart Attack ?,"If you are having a heart attack, doctors will work quickly to restore blood flow to the heart and continuously monitor vital signs to detect and treat complications. Restoring blood flow to the heart can prevent or limit damage to the heart muscle and help prevent another heart attack. Doctors may use clot-busting drugs called thrombolytics and procedures, such as angioplasty. Long-term treatment after a heart attack may include cardiac rehabilitation, checkups and tests, lifestyle changes, and medications.",Heart Attack,NIHSeniorHealth
q488,What is (are) Lung Cancer ?,"A person who has had lung cancer once is more likely to develop a second lung cancer compared to a person who has never had lung cancer. Second cancers arise in a different site than the original cancer. If the original cancer returns after treatment, it is considered recurrent, not a second cancer. Quitting smoking after lung cancer is diagnosed may prevent the development of a second lung cancer.",Lung Cancer,NIHSeniorHealth
q263,How to diagnose Alzheimer's Disease ?,The time from diagnosis of Alzheimers disease to death varies. It can be as little as 3 or 4 years if the person is over 80 years old when diagnosed or as long as 10 years or more if the person is younger.,Alzheimer's Disease,NIHSeniorHealth
q2168,What is (are) Heart Attack ?,"Each year over a million people in the U.S. have a heart attack. About half of them die. Many people have permanent heart damage or die because they don't get help immediately. It's important to know the symptoms of a heart attack and call 9-1-1 if someone is having them. Those symptoms include       - Chest discomfort - pressure, squeezing, or pain     - Shortness of breath     - Discomfort in the upper body - arms, shoulder, neck, back     - Nausea, vomiting, dizziness, lightheadedness, sweating        These symptoms can sometimes be different in women.    What exactly is a heart attack? Most heart attacks happen when a clot in the coronary artery blocks the supply of blood and oxygen to the heart. Often this leads to an irregular heartbeat - called an arrhythmia - that causes a severe decrease in the pumping function of the heart. A blockage that is not treated within a few hours causes the affected heart muscle to die.    NIH: National Heart, Lung, and Blood Institute",Heart Attack,MPlusHealthTopics
q407,What are the treatments for Breast Cancer ?,"Hormonal therapy keeps cancer cells from getting the hormones they need to grow. This treatment may include the use of drugs that change the way hormones work. Sometimes it includes surgery to remove the ovaries, which make female hormones. Like chemotherapy, hormonal therapy can affect cancer cells throughout the body. Often, women with early-stage breast cancer and those with metastatic breast cancer -- meaning cancer that has spread to other parts of the body -- receive hormone therapy in the form of tamoxifen. Hormone therapy with tamoxifen or estrogens can act on cells all over the body. However, it may increase the chance of developing endometrial cancer. If you take tamoxifen, you should have a pelvic examination every year to look for any signs of cancer. A woman should report any vaginal bleeding, other than menstrual bleeding, to her doctor as soon as possible.",Breast Cancer,NIHSeniorHealth
q8464,What is (are) Stroke ?,"A stroke occurs if the flow of oxygen-rich blood to a portion of the brain is blocked. Without oxygen, brain cells start to die after a few minutes. Sudden bleeding in the brain also can cause a stroke if it damages brain cells.
                
If brain cells die or are damaged because of a stroke, symptoms occur in the parts of the body that these brain cells control. Examples of stroke symptoms include sudden weakness; paralysis or numbness of the face, arms, or legs (paralysis is an inability to move); trouble speaking or understanding speech; and trouble seeing.
                
A stroke is a serious medical condition that requires emergency care. A stroke can cause lasting brain damage, long-term disability, or even death.
                
If you think you or someone else is having a stroke, call 911 right away. Do not drive to the hospital or let someone else drive you. Call an ambulance so that medical personnel can begin life-saving treatment on the way to the emergency room. During a stroke, every minute counts.
                
Overview
                
The two main types of stroke are ischemic (is-KE-mik) and hemorrhagic (hem-ah-RAJ-ik). Ischemic is the more common type of stroke.
                
An ischemic stroke occurs if an artery that supplies oxygen-rich blood to the brain becomes blocked. Blood clots often cause the blockages that lead to ischemic strokes.
                
A hemorrhagic stroke occurs if an artery in the brain leaks blood or ruptures (breaks open). The pressure from the leaked blood damages brain cells. High blood pressure and aneurysms (AN-u-risms) are examples of conditions that can cause hemorrhagic strokes. (Aneurysms are balloon-like bulges in an artery that can stretch and burst.)
                
Another condition thats similar to a stroke is a transient ischemic attack, also called a TIA or mini-stroke. A TIA occurs if blood flow to a portion of the brain is blocked only for a short time. Thus, damage to the brain cells isnt permanent (lasting).
                
Like ischemic strokes, TIAs often are caused by blood clots. Although TIAs are not full-blown strokes, they greatly increase the risk of having a stroke. If you have a TIA, its important for your doctor to find the cause so you can take steps to prevent a stroke.
                
Both strokes and TIAs require emergency care.
                
Outlook
                
Stroke is a leading cause of death in the United States. Many factors can raise your risk of having a stroke. Talk with your doctor about how you can control these risk factors and help prevent a stroke.
                
If you have a stroke, prompt treatment can reduce damage to your brain and help you avoid lasting disabilities. Prompt treatment also may help prevent another stroke.
                
Researchers continue to study the causes and risk factors for stroke. Theyre also finding new and better treatments and new ways to help the brain repair itself after a stroke.",Stroke,NHLBI
q489,How to diagnose Lung Cancer ?,"Doctors can perform several tests to stage lung cancer. Staging means finding out how far the cancer has progressed. The following tests are used to stage lung cancer: - Computerized tomography or CAT scan is a computer linked to an x-ray machine that creates a series of detailed pictures of areas inside the body. Computerized tomography or CAT scan is a computer linked to an x-ray machine that creates a series of detailed pictures of areas inside the body. - Magnetic resonance imaging, or MRI, is a powerful magnet linked to a computer that makes detailed pictures of areas inside the body.  - Radionuclide scanning uses a mildly radioactive substance to show whether cancer has spread to other organs, such as the liver. Magnetic resonance imaging, or MRI, is a powerful magnet linked to a computer that makes detailed pictures of areas inside the body. Radionuclide scanning uses a mildly radioactive substance to show whether cancer has spread to other organs, such as the liver. - A bone scan uses a small amount of a radioactive substance to show whether cancer has spread to the bones.  - A mediastinoscopy or mediastinotomy can help show whether the cancer has spread to the lymph nodes in the chest by removing a tissue sample. The patient receives a general anesthetic for this procedure. A bone scan uses a small amount of a radioactive substance to show whether cancer has spread to the bones. A mediastinoscopy or mediastinotomy can help show whether the cancer has spread to the lymph nodes in the chest by removing a tissue sample. The patient receives a general anesthetic for this procedure.",Lung Cancer,NIHSeniorHealth
q773,How to diagnose Breast Cancer ?,"Breast exams should be part of prenatal and postnatal care.
		                    To detect breast cancer, pregnant and nursing women should examine their breasts themselves. Women should also receive clinical breast exams during their regular prenatal and postnatal check-ups. Talk to your doctor if you notice any changes in your breasts that you do not expect or that worry you.
		        
		        
		                    Tests that examine the breasts are used to detect (find) and diagnose breast cancer.
		                    The following tests and procedures may be used:         -   Physical exam and history : An exam of the body to check general signs of health, including checking for signs of disease, such as lumps or anything else that seems unusual. A history of the patients health habits and past illnesses and treatments will also be taken.     -  Clinical breast exam (CBE): An exam of the breast by a doctor or other health professional. The doctor will carefully feel the breasts and under the arms for lumps or anything else that seems unusual.     -    MRI (magnetic resonance imaging): A procedure that uses a magnet, radio waves, and a computer to make a series of detailed pictures of both breasts. This procedure is also called nuclear magnetic resonance imaging (NMRI).    -   Ultrasound exam: A procedure in which high-energy sound waves (ultrasound) are bounced off internal tissues or organs and make echoes. The echoes form a picture of body tissues called a sonogram. The picture can be printed to look at later.    -   Mammogram : An x-ray of the breast. A mammogram can be done with little risk to the unborn baby. Mammograms in pregnant women may appear negative even though cancer is present.     -   Blood chemistry studies : A procedure in which a blood sample is checked to measure the amounts of certain substances released into the blood by organs and tissues in the body. An unusual (higher or lower than normal) amount of a substance can be a sign of disease.     -   Biopsy : The removal of cells or tissues so they can be viewed under a microscope by a pathologist to check for signs of cancer. If a lump in the breast is found, a biopsy may be done. There are four types of breast biopsies:               -  Excisional biopsy : The removal of an entire lump of tissue.       -  Incisional biopsy : The removal of part of a lump or a sample of tissue.       -  Core biopsy : The removal of tissue using a wide needle.       -  Fine-needle aspiration (FNA) biopsy : The removal of tissue or fluid, using a thin needle.
		        
		        
		                    If cancer is found, tests are done to study the cancer cells.
		                    Decisions about the best treatment are based on the results of these tests and the age of the unborn baby. The tests give information about:         - How quickly the cancer may grow.    - How likely it is that the cancer will spread to other parts of the body.    - How well certain treatments might work.    - How likely the cancer is to recur (come back).        Tests may include the following:         -   Estrogen and progesterone receptor test : A test to measure the amount of estrogen and progesterone (hormones) receptors in cancer tissue. If there are more estrogen and progesterone receptors than normal, the cancer is called estrogen and/or progesterone receptor positive. This type of breast cancer may grow more quickly. The test results show whether treatment to block estrogen and progesterone given after the baby is born may stop the cancer from growing.    -   Human epidermal growth factor type 2 receptor (HER2/neu) test : A laboratory test to measure how many HER2/neu genes there are and how much HER2/neu protein is made in a sample of tissue. If there are more HER2/neu genes or higher levels of HER2/neu protein than normal, the cancer is called HER2/neu positive. This type of breast cancer may grow more quickly and is more likely to spread to other parts of the body. The cancer may be treated with drugs that target the HER2/neu protein, such as trastuzumab and pertuzumab, after the baby is born.    -  Multigene tests: Tests in which samples of tissue are studied to look at the activity of many genes at the same time. These tests may help predict whether cancer will spread to other parts of the body or recur (come back).               -  Oncotype DX : This test helps predict whether stage I or stage II breast cancer that is estrogen receptor positive and node-negative will spread to other parts of the body. If the risk of the cancer spreading is high, chemotherapy may be given to lower the risk.      -  MammaPrint : This test helps predict whether stage I or stage II breast cancer that is node-negative will spread to other parts of the body. If the risk of the cancer spreading is high, chemotherapy may be given to lower the risk.",Breast Cancer,CancerGov
q386,What are the treatments for Breast Cancer ?,"There are a number of treatments for breast cancer, but the ones women choose most often -- alone or in combination -- are surgery, hormone therapy, radiation therapy, and chemotherapy. What Standard Treatments Do Here is what the standard cancer treatments are designed to do. - Surgery takes out the cancer and some surrounding tissue.   - Hormone therapy keeps cancer cells from getting most of the hormones they need to survive and grow.  - Radiation therapy uses high-energy beams to kill cancer cells and shrink tumors and some surrounding tissue.  -  Chemotherapy uses anti-cancer drugs to kill most cancer cells. Surgery takes out the cancer and some surrounding tissue. Hormone therapy keeps cancer cells from getting most of the hormones they need to survive and grow. Radiation therapy uses high-energy beams to kill cancer cells and shrink tumors and some surrounding tissue.  Chemotherapy uses anti-cancer drugs to kill most cancer cells. Treatment for breast cancer may involve local or whole body therapy. Doctors use local therapies, such as surgery or radiation, to remove or destroy breast cancer in a specific area. Whole body, or systemic, treatments like chemotherapy, hormonal, or biological therapies are used to destroy or control cancer throughout the body. Some patients have both kinds of treatment. Treating Early-Stage Breast Cancer If you have early-stage breast cancer, one common treatment available to you is a lumpectomy combined with radiation therapy. A lumpectomy is surgery that preserves a woman's breast. In a lumpectomy, the surgeon removes only the tumor and a small amount of the surrounding tissue. The survival rate for a woman who has this therapy plus radiation is similar to that for a woman who chooses a radical mastectomy, which is complete removal of a breast. If Cancer Has Spread Locally If you have breast cancer that has spread locally -- just to other parts of the breast -- your treatment may involve a combination of chemotherapy and surgery. Doctors usually first shrink the tumor with chemotherapy and then remove it through surgery. Shrinking the tumor before surgery may allow a woman to avoid a mastectomy and keep her breast. In the past, doctors would remove a lot of lymph nodes near breast tumors to see if the cancer had spread. Some doctors also use a method called sentinel node biopsy. Using a dye or radioactive tracer, surgeons locate the first or sentinel lymph node closest to the tumor, and remove only that node to see if the cancer has spread. If Cancer Has Spread Beyond the Breast If the breast cancer has spread to other parts of the body, such as the lung or bone, you might receive chemotherapy and/or hormonal therapy to destroy cancer cells and control the disease. Radiation therapy may also be useful to control tumors in other parts of the body. Get more information about treatment options for breast cancer  and for  recurrent breast cancer.",Breast Cancer,NIHSeniorHealth
q665,what research (or clinical trials) is being done for Skin Cancer ?,"Many Areas of Research Scientists are constantly searching for new ways to detect skin cancer, assess risk, and predict patient outcomes. They are interested in finding new treatments and new ways to deliver drugs and radiation. As scientists get a better understanding of what causes skin cancer and what genetic and environmental factors play a role, they should be able to design new drugs to hinder the development of cancer. Clinical trials are designed to answer important questions and to find out whether new approaches are safe and effective. Research has already led to advances, such as photodynamic therapy, and researchers continue to search for better ways to prevent and treat skin cancer. Researching Techniques to Deliver Drugs One area that scientists are working on is development of techniques for delivering chemotherapy drugs directly to the area around the tumor, rather than sending the chemotherapy through the entire body. One of these techniques is called hyperthermic isolated limb perfusion. Hyperthermic isolated limb perfusion sends a warm solution containing anti-cancer drugs directly to the arm or leg in which the cancer is located. A tourniquet is used to temporarily cut off the blood flow while the chemotherapy drugs are injected directly into the limb. This allows the patient to receive a high dose of drugs only in the area where the cancer occurred. Genetic Research For basal cell carcinoma and squamous cell carcinoma, researchers are studying gene changes that may be risk factors for the disease. They also are comparing combinations of biological therapy and surgery to treat basal cell cancer. Discovering links between inherited genes, environmental factors, and skin cancer is another area of research that might provide scientists with insight they can use to screen people to determine their risk for the disease. Recently, scientists at the National Cancer Institute (NCI) found one genetic link that dramatically increases the chance of developing melanoma. Research on Melanoma Treatments Other studies are currently exploring new treatment options for melanoma. One recent study discovered a protein that may help block the development and spread of melanoma. This discovery could lead to a new treatment for melanoma patients in the future. Several other studies are examining the potential for using vaccines to treat melanoma. An Advance in Treating Melanoma In June of 2011, an important advance in treating melanoma was announced at an annual cancer meeting. A drug called ipilimumab was approved for treating the disease, and it works differently than traditional chemotherapy. It uses immunotherapy to help the immune system recognize and reject cancer cells. When its successful, immunotherapy can lead to complete reversal of even advanced disease. Some patients with stage IV metastatic disease who were treated in early immunotherapy trials after other therapies were unsuccessful are still in complete remission more than 20 years later. Vaccine Research Traditional vaccines are designed to prevent diseases in healthy people by teaching the body to recognize and attack a virus or bacteria it may encounter in the future. Cancer vaccines, however, are given to people who already have cancer. These vaccines stimulate the immune system to fight against cancer by stopping its growth, shrinking a tumor, or killing the cancer cells that were not killed by other forms of treatment. Developing a vaccine against a tumor such as melanoma is more complicated than developing a vaccine to fight a virus. Clinical trials are in progress at the National Cancer Institute and other institutions to test the effectiveness of treating stage III or stage IV melanoma patients with vaccines.",Skin Cancer,NIHSeniorHealth
q419,Who is at risk for Colorectal Cancer? ?,Yes. Ulcerative colitis is a condition in which there is a chronic break in the lining of the colon. It has been associated with an increased risk of colon cancer.,Colorectal Cancer,NIHSeniorHealth
q1441,What are the stages of Skin Cancer ?,"Key Points
                    - After nonmelanoma skin cancer has been diagnosed, tests are done to find out if cancer cells have spread within the skin or to other parts of the body.     - There are three ways that cancer spreads in the body.    - Cancer may spread from where it began to other parts of the body.    - Staging of nonmelanoma skin cancer depends on whether the tumor has certain ""high-risk"" features and if the tumor is on the eyelid.    - The following stages are used for nonmelanoma skin cancer that is not on the eyelid:         - Stage 0 (Carcinoma in Situ)     - Stage I Stage I nonmelanoma skin cancer. The tumor is no more than 2 centimeters.     - Stage II Stage II nonmelanoma skin cancer. The tumor is more than 2 centimeters wide.     - Stage III     - Stage IV        - The following stages are used for nonmelanoma skin cancer on the eyelid:         - Stage 0 (Carcinoma in Situ)     - Stage I      - Stage II     - Stage III     - Stage IV        - Treatment is based on the type of nonmelanoma skin cancer or other skin condition diagnosed:         - Basal cell carcinoma     - Squamous cell carcinoma     - Actinic keratosis
                
                
                    After nonmelanoma skin cancer has been diagnosed, tests are done to find out if cancer cells have spread within the skin or to other parts of the body.
                    The process used to find out if cancer has spread within the skin or to other parts of the body is called staging. The information gathered from the staging process determines the stage of the disease. It is important to know the stage in order to plan treatment.    The following tests and procedures may be used in the staging process:         -   CT scan (CAT scan): A procedure that makes a series of detailed pictures of areas inside the body, taken from different angles. The pictures are made by a computer linked to an x-ray machine. A dye may be injected into a vein or swallowed to help the organs or tissues show up more clearly. This procedure is also called computed tomography, computerized tomography, or computerized axial tomography.    -   MRI (magnetic resonance imaging): A procedure that uses a magnet, radio waves, and a computer to make a series of detailed pictures of areas inside the body. This procedure is also called nuclear magnetic resonance imaging (NMRI).    -   Lymph node biopsy : For squamous cell carcinoma, the lymph nodes may be removed and checked to see if cancer has spread to them.
                
                
                    There are three ways that cancer spreads in the body.
                    Cancer can spread through tissue, the lymph system, and the blood:         - Tissue. The cancer spreads from where it began by growing into nearby areas.     - Lymph system. The cancer spreads from where it began by getting into the lymph system. The cancer travels through the lymph vessels to other parts of the body.     - Blood. The cancer spreads from where it began by getting into the blood. The cancer travels through the blood vessels to other parts of the body.
                
                
                    Cancer may spread from where it began to other parts of the body.
                    When cancer spreads to another part of the body, it is called metastasis. Cancer cells break away from where they began (the primary tumor) and travel through the lymph system or blood.         - Lymph system. The cancer gets into the lymph system, travels through the lymph vessels, and forms a tumor (metastatic tumor) in another part of the body.    - Blood. The cancer gets into the blood, travels through the blood vessels, and forms a tumor (metastatic tumor) in another part of the body.        The metastatic tumor is the same type of cancer as the primary tumor. For example, if skin cancer spreads to the lung, the cancer cells in the lung are actually skin cancer cells. The disease is metastatic skin cancer, not lung cancer.
                
                
                    Staging of nonmelanoma skin cancer depends on whether the tumor has certain ""high-risk"" features and if the tumor is on the eyelid.
                    Staging for nonmelanoma skin cancer that is on the eyelid is different from staging for nonmelanoma skin cancer that affects other parts of the body.     The following are high-risk features for nonmelanoma skin cancer that is not on the eyelid:         - The tumor is thicker than 2 millimeters.    - The tumor is described as Clark level IV (has spread into the lower layer of the dermis) or Clark level V (has spread into the layer of fat below the skin).    - The tumor has grown and spread along nerve pathways.    - The tumor began on an ear or on a lip that has hair on it.    - The tumor has cells that look very different from normal cells under a microscope.
                
                
                    The following stages are used for nonmelanoma skin cancer that is not on the eyelid:
                    Stage 0 (Carcinoma in Situ)     In stage 0, abnormal cells are found in the squamous cell or basal cell layer of the epidermis (topmost layer of the skin). These abnormal cells may become cancer and spread into nearby normal tissue. Stage 0 is also called carcinoma in situ.        Stage I     In stage I, cancer has formed. The tumor is not larger than 2 centimeters at its widest point and may have one high-risk feature.       Stage II     In stage II, the tumor is either:            - larger than 2 centimeters at its widest point; or     - any size and has two or more high-risk features.              Stage III    In stage III:            - The tumor has spread to the jaw, eye socket, or side of the skull. Cancer may have spread to one lymph node on the same side of the body as the tumor. The lymph node is not larger than 3 centimeters.              or              - Cancer has spread to one lymph node on the same side of the body as the tumor. The lymph node is not larger than 3 centimeters and one of the following is true:                  - the tumor is not larger than 2 centimeters at its widest point and may have one high-risk feature; or       - the tumor is larger than 2 centimeters at its widest point; or       - the tumor is any size and has two or more high-risk features.                          Stage IV    In stage IV, one of the following is true:            - The tumor is any size and may have spread to the jaw, eye socket, or side of the skull. Cancer has spread to one lymph node on the same side of the body as the tumor and the affected node is larger than 3 centimeters but not larger than 6 centimeters, or cancer has spread to more than one lymph node on one or both sides of the body and the affected nodes are not larger than 6 centimeters; or     - The tumor is any size and may have spread to the jaw, eye socket, skull, spine, or ribs. Cancer has spread to one lymph node that is larger than 6 centimeters; or      - The tumor is any size and has spread to the base of the skull, spine, or ribs. Cancer may have spread to the lymph nodes; or     - Cancer has spread to other parts of the body, such as the lung.
                
                
                    The following stages are used for nonmelanoma skin cancer on the eyelid:
                    Stage 0 (Carcinoma in Situ)    In stage 0, abnormal cells are found in the epidermis (topmost layer of the skin). These abnormal cells may become cancer and spread into nearby normal tissue. Stage 0 is also called carcinoma in situ.       Stage I      Stage I is divided into stages IA, IB, and IC.            -  Stage IA: The tumor is 5 millimeters or smaller and has not spread to the connective tissue of the eyelid or to the edge of the eyelid where the lashes are.      -  Stage IB: The tumor is larger than 5 millimeters but not larger than 10 millimeters or has spread to the connective tissue of the eyelid, or to the edge of the eyelid where the lashes are.     -  Stage IC: The tumor is larger than 10 millimeters but not larger than 20 millimeters or has spread through the full thickness of the eyelid.              Stage II    In stage II, one of the following is true:            - The tumor is larger than 20 millimeters.     - The tumor has spread to nearby parts of the eye or eye socket.     - The tumor has spread to spaces around the nerves in the eyelid.              Stage III     Stage III is divided into stages IIIA, IIIB, and IIIC.            -  Stage IIIA: To remove all of the tumor, the whole eye and part of the optic nerve must be removed. The bone, muscles, fat, and connective tissue around the eye may also be removed.     -  Stage IIIB: The tumor may be anywhere in or near the eye and has spread to nearby lymph nodes.     -  Stage IIIC: The tumor has spread to structures around the eye or in the face, or to the brain, and cannot be removed in surgery.              Stage IV    The tumor has spread to distant parts of the body.
                
                
                    Treatment is based on the type of nonmelanoma skin cancer or other skin condition diagnosed:
                    Basal cell carcinoma      Basal cell carcinoma is the most common type of skin cancer. It usually occurs on areas of the skin that have been in the sun, most often the nose. Often this cancer appears as a raised bump that looks smooth and pearly. Another type looks like a scar and is flat and firm and may be white, yellow, or waxy. Basal cell carcinoma may spread to tissues around the cancer, but it usually does not spread to other parts of the body.       Squamous cell carcinoma      Squamous cell carcinoma occurs on areas of the skin that have been in the sun, such as the ears, lower lip, and the back of the hands. Squamous cell carcinoma may also appear on areas of the skin that have been burned or exposed to chemicals or radiation. Often this cancer appears as a firm red bump. The tumor may feel scaly, bleed, or form a crust. Squamous cell tumors may spread to nearby lymph nodes. Squamous cell carcinoma that has not spread can usually be cured.       Actinic keratosis     Actinic keratosis is a skin condition that is not cancer, but sometimes changes into squamous cell carcinoma. It usually occurs in areas that have been exposed to the sun, such as the face, the back of the hands, and the lower lip. It looks like rough, red, pink, or brown scaly patches on the skin that may be flat or raised, or the lower lip cracks and peels and is not helped by lip balm or petroleum jelly.",Skin Cancer,CancerGov
q194,What are the treatments for Prostate Cancer ?,"Through research, doctors are trying to find new, more effective ways to treat prostate cancer. Cryosurgery -- destroying cancer by freezing it -- is under study as an alternative to surgery and radiation therapy. To avoid damaging healthy tissue, the doctor places an instrument known as a cryoprobe in direct contact with the tumor to freeze it. Doctors are studying new ways of using radiation therapy and hormonal therapy, too. Studies have shown that hormonal therapy given after radiation therapy can help certain men whose cancer has spread to nearby tissues. Scientists are also testing the effectiveness of chemotherapy and biological therapy for men whose cancer does not respond or stops responding to hormonal therapy. They are also exploring new ways to schedule and combine various treatments. For example, they are studying hormonal therapy to find out if using it to shrink the tumor before a man has surgery or radiation might be a useful approach. They are also testing combinations of hormone therapy and vaccines to prevent recurrence of prostate cancer. In 2010, the FDA approved a therapeutic cancer vaccine, Provenge, for use in some men with metastatic prostate cancer. This approval was based on the results of a clinical trial that demonstrated a more than 4-month improvement in overall survival compared with a placebo vaccine. Other similar vaccine therapies are in development.",Prostate Cancer,NIHSeniorHealth
q1109,what research (or clinical trials) is being done for Colorectal Cancer ?,"Cancer prevention clinical trials are used to study ways to prevent cancer.
                    Cancer prevention clinical trials are used to study ways to lower the risk of developing certain types of cancer. Some cancer prevention trials are conducted with healthy people who have not had cancer but who have an increased risk for cancer. Other prevention trials are conducted with people who have had cancer and are trying to prevent another cancer of the same type or to lower their chance of developing a new type of cancer. Other trials are done with healthy volunteers who are not known to have any risk factors for cancer.     The purpose of some cancer prevention clinical trials is to find out whether actions people take can prevent cancer. These may include exercising more or quitting smoking or taking certain medicines, vitamins, minerals, or food supplements.
                
                
                    New ways to prevent colorectal cancer are being studied in clinical trials.
                    Clinical trials are taking place in many parts of the country. Information about clinical trials can be found in the Clinical Trials section of the NCI website. Check NCI's list of cancer clinical trials for colon cancer prevention trials or rectal cancer prevention trials that are now accepting patients.",Colorectal Cancer,CancerGov
q178,What is (are) Prostate Cancer ?,"Sometimes, cancer cells break away from the malignant tumor in the prostate and enter the bloodstream or the lymphatic system and travel to other organs in the body. When cancer spreads from its original location in the prostate to another part of the body such as the bone, it is called metastatic prostate cancer, not bone cancer. Doctors sometimes call this ""distant"" disease.",Prostate Cancer,NIHSeniorHealth
q423,What is (are) Colorectal Cancer ?,"Yes. In July 2008, the U.S. Preventive Services Task Force made its strongest ever recommendation for colorectal cancer screening: it suggested that all adults between ages 50 and 75 get screened, or tested, for the disease. The task force noted that various screening tests are available, making it possible for patients and their clinicians to decide which test is best for each person.",Colorectal Cancer,NIHSeniorHealth
q422,What is (are) Colorectal Cancer ?,"Here are some of the tools used to detect colorectal cancer. - A fecal occult blood test, or FOBT, is a test used to check for hidden blood in the stool. Sometimes cancers or polyps can bleed, and FOBT can detect small amounts of bleeding. Newer, genetically-based stool tests are proving to be more accurate than older tests. A fecal occult blood test, or FOBT, is a test used to check for hidden blood in the stool. Sometimes cancers or polyps can bleed, and FOBT can detect small amounts of bleeding. Newer, genetically-based stool tests are proving to be more accurate than older tests. - A sigmoidoscopy is an examination of the rectum and lower colon -- or sigmoid colon -- using a lighted instrument called a sigmoidoscope. A sigmoidoscopy is an examination of the rectum and lower colon -- or sigmoid colon -- using a lighted instrument called a sigmoidoscope.  - A colonoscopy is an examination of the rectum and the large intestine (but not the small intestine) using a lighted instrument called a colonoscope. A colonoscopy is an examination of the rectum and the large intestine (but not the small intestine) using a lighted instrument called a colonoscope.  - A virtual colonoscopy, which requires the same preparation as a standard colonoscopy, is done with an external scanning machine as opposed to a device inserted into the colon. The colon does need to be inflated with gas for proper scanning. A virtual colonoscopy, which requires the same preparation as a standard colonoscopy, is done with an external scanning machine as opposed to a device inserted into the colon. The colon does need to be inflated with gas for proper scanning.",Colorectal Cancer,NIHSeniorHealth
q14424,Is prostate cancer inherited ?,"Many cases of prostate cancer are not related to inherited gene changes. These cancers are associated with somatic mutations that occur only in certain cells in the prostate.  When prostate cancer is related to inherited gene changes, the way that cancer risk is inherited depends on the gene involved. For example, mutations in the BRCA1, BRCA2, and HOXB13 genes are inherited in an autosomal dominant pattern, which means one copy of the altered gene in each cell is sufficient to increase a person's chance of developing cancer. In other cases, the inheritance of prostate cancer risk is unclear. It is important to note that people inherit an increased risk of cancer, not the disease itself. Not all people who inherit mutations in these genes will develop cancer.",prostate cancer,GHR
q551,What is (are) High Blood Cholesterol ?,"HDL stands for high-density lipoproteins. (Lipoproteins are molecules that carry cholesterol through your bloodstream.) HDL cholesterol is sometimes called good cholesterol because it helps remove cholesterol from your artery walls and carries it to your liver. The liver then removes the cholesterol from your body. The higher your HDL cholesterol level, the lower your chances of getting heart disease.",High Blood Cholesterol,NIHSeniorHealth
q679,what research (or clinical trials) is being done for Skin Cancer ?,"The National Cancer Institute has developed a comprehensive online cancer database called the Physician Data Query (PDQ) to present evidence from the most recent research on melanoma and other skin cancers. Click here to see the PDQ. A window will open. Click the ""x"" in the upper right hand corner of the ""PDQ"" window to return here.",Skin Cancer,NIHSeniorHealth
q191,What are the treatments for Prostate Cancer ?,"Radiation therapy uses high-energy x-rays to kill cancer cells and shrink tumors. Doctors may recommend it instead of surgery or after surgery to destroy any cancer cells that may remain in the area. In advanced stages, the doctor may recommend it to relieve pain or other symptoms. Radiation can cause problems with impotence and bowel function. The radiation may come from a machine, which is external radiation, or from tiny radioactive seeds placed inside or near the tumor, which is internal radiation. Men who receive only the radioactive seeds usually have small tumors. Some men receive both kinds of radiation therapy. For external radiation therapy, patients go to the hospital or clinic -- usually 5 days a week for several weeks. Internal radiation may require patients to stay in the hospital for a short time.",Prostate Cancer,NIHSeniorHealth
q483,Who is at risk for Lung Cancer? ?,"If you smoke cigarettes, you are at much higher risk for lung cancer than a person who has never smoked. The risk of dying from lung cancer is 23 times higher for men who smoke and 13 times higher for women who smoke than for people who have never smoked. Stopping smoking greatly reduces your risk for developing lung cancer. But after you stop, the risk goes down slowly. Ten years after the last cigarette, the risk of dying from lung cancer drops by 50 percent. Each U.S. state and territory has a free quitline to provide you with information and resources to help you quit smoking. To reach the quitline in your area, dial toll-free, 1-800-QUIT-NOW. (Watch the video to learn about the effect smoking can have on an older adult's health. To enlarge the video, click the brackets in the lower right-hand corner. To reduce the video, press the Escape (Esc) button on your keyboard.)",Lung Cancer,NIHSeniorHealth
q891,What is (are) Breast Cancer ?,"Key Points
                    - Breast cancer is a disease in which malignant (cancer) cells form in the tissues of the breast.    - Breast cancer is the second most common type of cancer in American women.
                
                
                    Breast cancer is a disease in which malignant (cancer) cells form in the tissues of the breast.
                    The breast is made up of lobes and ducts. Each breast has 15 to 20 sections called lobes, which have many smaller sections called lobules. Lobules end in dozens of tiny bulbs that can make milk. The lobes, lobules, and bulbs are linked by thin tubes called ducts.     Each breast also has blood vessels and lymph vessels. The lymph vessels carry an almost colorless fluid called lymph. Lymph vessels lead to organs called lymph nodes. Lymph nodes are small bean-shaped structures that are found throughout the body. They filter lymph and store white blood cells that help fight infection and disease. Clusters of lymph nodes are found near the breast in the axilla (under the arm), above the collarbone, and in the chest.   See the following PDQ summaries for more information about breast cancer:         -  Breast Cancer Screening     -  Breast Cancer Treatment     -  Breast Cancer Treatment and Pregnancy     -  Male Breast Cancer Treatment     -  Genetics of Breast and Ovarian Cancer
                
                
                    Breast cancer is the second most common type of cancer in American women.
                    Women in the United States get breast cancer more than any other type of cancer except skin cancer. Breast cancer is second to lung cancer as a cause of cancer death in American women. However, deaths from breast cancer have decreased a little bit every year between 2003 and 2012. Breast cancer also occurs in men, but the number of new cases is small.",Breast Cancer,CancerGov
q385,What are the treatments for Breast Cancer ?,"There are many treatment options for women with breast cancer. The choice of treatment depends on your age and general health, the stage of the cancer, whether or not it has spread beyond the breast, and other factors. If tests show that you have cancer, you should talk with your doctor and make treatment decisions as soon as possible. Studies show that early treatment leads to better outcomes. Working With a Team of Specialists People with cancer often are treated by a team of specialists. The team will keep the primary doctor informed about the patient's progress. The team may include a medical oncologist who is a specialist in cancer treatment, a surgeon, a radiation oncologist who is a specialist in radiation therapy, and others. Before starting treatment, you may want another doctor to review the diagnosis and treatment plan. Some insurance companies require a second opinion. Others may pay for a second opinion if you request it. (Watch the video about this breast cancer survivor's treatment. To enlarge the video, click the brackets in the lower right-hand corner. To reduce the video, press the Escape (Esc) button on your keyboard.) Clinical Trials for Breast Cancer Some breast cancer patients take part in studies of new treatments. These studies, called clinical trials, are designed to find out whether a new treatment is both safe and effective. Often, clinical trials compare a new treatment with a standard one so that doctors can learn which is more effective. Women with breast cancer who are interested in taking part in a clinical trial should talk to their doctor. The U.S. National Institutes of Health, through its National Library of Medicine and other Institutes, maintains a database of clinical trials at ClinicalTrials.gov. See a list of the current clinical trials on breast cancer.",Breast Cancer,NIHSeniorHealth
q550,What is (are) High Blood Cholesterol ?,"LDL stands for low-density lipoproteins. (Lipoproteins are molecules that carry cholesterol through your bloodstream.) LDL cholesterol is sometimes called bad cholesterol because it can build up in the walls of your arteries and make them narrower. This buildup of cholesterol is called plaque. Over time, plaque can build up so much that it narrows your arteries. This is called atherosclerosis or hardening of the arteries. The higher the level of LDL cholesterol in your blood, the greater your chances of getting heart disease.",High Blood Cholesterol,NIHSeniorHealth
q251,How to prevent Alzheimer's Disease ?,"Currently, no medicines or other treatments are known to prevent Alzheimers disease, but scientists are studying many possibilities. These possibilities include lifestyle factors such as exercise and physical activity, a healthy diet, and mentally stimulating activities. In addition to lifestyle factors, scientists have found clues that some long-term health conditions, like heart disease, high blood pressure, and diabetes, are related to Alzheimer's disease. Its possible that controlling these conditions will reduce the risk of developing Alzheimers. Exercise and Physical Activity Studies show that exercise and other types of physical activity are good for our hearts, waistlines, and ability to carry out everyday activities. Research suggests that exercise may also play a role in reducing risk for Alzheimers disease. Animal studies show that exercise increases both the number of small blood vessels that supply blood to the brain and the number of connections between nerve cells in older rats and mice. In addition, researchers have found that exercise raises the level of a nerve growth factor (a protein key to brain health) in an area of the brain that is important to memory and learning.  See suggestions for ways older adults can start or continue to exercise. Diet and Dietary Supplements A number of studies suggest that eating certain foods may help keep the brain healthyand that others can be harmful. A diet that includes lots of fruits, vegetables, and whole grains and is low in fat and added sugar can reduce the risk of heart disease and diabetes. Researchers are looking at whether a healthy diet also can help prevent Alzheimers. One study reported that people who ate a Mediterranean diet had a 28 percent lower risk of developing MCI (mild cognitive impairment) and a 48 percent lower risk of progressing from MCI to Alzheimers disease. (MCI often, but not always, leads to Alzheimers dementia.) A Mediterranean diet includes vegetables, legumes, fruits, cereals, fish, olive oil, and low amounts of saturated fats, dairy products, meat, and poultry. For more about healthy eating as you age , see  Eating Well As You Get Older. Other research has looked at the effect on brain health of several different vitamins and dietary supplements. One area of research focuses on antioxidants, natural substances that appear to fight damage caused by molecules called free radicals. Other studies are looking at resveratrol, a compound found in red grapes and red wine, as well as vitamins and other substances found in food. Chronic Diseases Age-related diseases and conditionssuch as vascular disease, high blood pressure, heart disease, and diabetesmay increase the risk of Alzheimers. Many studies are looking at whether this risk can be reduced by preventing or controlling these diseases and conditions. For example, one clinical trial is looking at how lowering blood pressure to or below current recommended levels may affect cognitive decline and the development of MCI and Alzheimers disease. Participants are older adults with high systolic (upper number) blood pressure who have a history of heart disease or stroke, or are at risk for those conditions. Diabetes is another disease that has been linked to Alzheimers. Past research suggests that abnormal insulin production contributes to Alzheimers-related brain changes. (Insulin is the hormone involved in diabetes.) Diabetes treatments have been tested in people with Alzheimers, but the results have not been conclusive. Keeping the Brain Active Keeping the mind sharpthrough social engagement or intellectual stimulationis associated with a lower risk of Alzheimers disease. Activities like working, volunteering, reading, going to lectures, and playing computer and other games are being studied to see if they might help prevent Alzheimers. One clinical trial is testing the impact of formal cognitive training, with and without physical exercise, in people with MCI to see if it can prevent or delay Alzheimers disease. Other trials are underway in healthy older adults to see if exercise and/or cognitive training (for example, a demanding video game) can delay or prevent age-related cognitive decline. Find out about things you can do that may keep your brain healthy.",Alzheimer's Disease,NIHSeniorHealth
q266,How to prevent Alzheimer's Disease ?,"Research suggests that exercise may play a role in reducing risk for Alzheimers disease. Animal studies show that exercise increases both the number of small blood vessels that supply blood to the brain and the number of connections between nerve cells in older rats and mice. In addition, researchers have found that exercise raises the level of a nerve growth factor (a protein key to brain health) in an area of the brain that is important to memory and learning.  Learn more about the benefits of exercise for older adults. For more on specific exercises geared to the needs of older adults, visit Go4Life, the exercise and physical activity campaign from the National Institute on Aging.",Alzheimer's Disease,NIHSeniorHealth
q430,Who is at risk for Colorectal Cancer? ?,"Researchers are working hard to understand and identify the genes involved in colorectal cancer. Hereditary nonpolyposis colorectal cancer, or HNPCC, is one condition that causes people to develop colorectal cancer at a young age. The discovery of four genes involved with this disease has provided crucial clues about the role of DNA repair in colorectal and other cancers.",Colorectal Cancer,NIHSeniorHealth
q484,What causes Lung Cancer ?,"Some studies suggest that non-smokers who are exposed to environmental tobacco smoke, also called secondhand smoke, are at increased risk of lung cancer. Secondhand smoke is the smoke that non-smokers are exposed to when they share air space with someone who is smoking. Tobacco smoke contains more than 7,000 chemicals, including hundreds that are toxic and about 70 that can cause cancer. Since 1964, approximately 2,500,000 nonsmokers have died from health problems caused by exposure to secondhand smoke.  Learn more about the effects of secondhand smoke.  Learn more about the chemicals found in cigarettes.",Lung Cancer,NIHSeniorHealth
q1309,Who is at risk for Prostate Cancer? ?,"Prostate cancer is most common in older men. In the U.S., about one out of five men will be diagnosed with prostate cancer. Most men diagnosed with prostate cancer do not die of it.    See the following PDQ summaries for more information about prostate cancer:         -  Prostate Cancer Screening     -  Prostate Cancer Treatment",Prostate Cancer,CancerGov
q517,How to prevent Stroke ?,"Yes. Stroke is preventable. A better understanding of the causes of stroke has helped people make lifestyle changes that have cut the stroke death rate nearly in half in the last two decades. While family history of stroke plays a role in your risk, there are many risk factors you can control: - If you have high blood pressure, work with your doctor to get it under control.  Managing your high blood pressure is the most important thing you can do to avoid stroke. See ways to manage high blood pressure.     -  If you smoke, quit. See resources to help you quit, including , smoking quitlines,  an online quit plan, a quit smoking website for older adults, and mobile apps and free text messaging services.  If you have high blood pressure, work with your doctor to get it under control.  Managing your high blood pressure is the most important thing you can do to avoid stroke. See ways to manage high blood pressure.     If you smoke, quit. See resources to help you quit, including , smoking quitlines,  an online quit plan, a quit smoking website for older adults, and mobile apps and free text messaging services. - If you have diabetes, learn how to manage it.  Many people do not realize they have diabetes, which is a major risk factor for heart disease and stroke. See ways to manage diabetes every day.     -  If you are overweight, start maintaining a healthy diet and exercising regularly. See a sensible approach to weight loss.  See exercises tailored for older adults.  If you have diabetes, learn how to manage it.  Many people do not realize they have diabetes, which is a major risk factor for heart disease and stroke. See ways to manage diabetes every day.     If you are overweight, start maintaining a healthy diet and exercising regularly. See a sensible approach to weight loss.  See exercises tailored for older adults.  - If you have high cholesterol, work with your doctor to lower it.  A high level of total cholesterol in the blood is a major risk factor for heart disease, which raises your risk of stroke.  Learn about lifestyle changes to control cholesterol.   If you have high cholesterol, work with your doctor to lower it.  A high level of total cholesterol in the blood is a major risk factor for heart disease, which raises your risk of stroke.  Learn about lifestyle changes to control cholesterol.",Stroke,NIHSeniorHealth
q174,what research (or clinical trials) is being done for Prostate Cancer ?,"Scientists continue to look at new ways to prevent, treat, and diagnose prostate cancer. Research has already led to a number of advances in these areas. Dietary Research Several studies are under way to explore the causes of prostate cancer. Some researchers think that diet may affect a man's chances of developing prostate cancer. For example, some studies show that prostate cancer is more common in populations that consume a high-fat diet, particularly animal fat, and in populations with diets that lack certain nutrients. Research on Testosterone Some research suggests that high levels of testosterone may increase a man's risk of prostate cancer. The difference in prostate cancer risk among racial groups could be related to high testosterone levels, but it also could result from diet or other lifestyle factors. Genetic Research Researchers are studying changes in genes that may increase the risk for developing prostate cancer. Some studies are looking at the genes of men who were diagnosed with prostate cancer at a relatively young age, such as less than 55 years old, and the genes of families who have several members with the disease. Other studies are trying to identify which genes, or arrangements of genes, are most likely to lead to prostate cancer. Much more work is needed, however, before scientists can say exactly how genetic changes relate to prostate cancer. Prevention Research Several studies have explored ways to prevent prostate cancer. In October 2008, initial results of a study on the use of the dietary supplements vitamin E and selenium found that they did not provide any benefit in reducing the number of new cases of the disease. A few studies suggest that a diet that regularly includes tomato-based foods may help protect men from prostate cancer, but there are no studies that conclusively prove this hypothesis. According to results of a study that was re-analyzed in 2013, men who took finasteride, a drug that affects male hormone levels, reduced their chances of getting prostate cancer by nearly 30 percent compared to men who took a placebo. Unlike earlier findings from this study, this new analysis showed no increased risk of late stage disease due to use of finasteride. Stopping Prostate Cancer from Returning Scientists are also looking at ways to stop prostate cancer from returning in men who have already been treated for the disease. These approaches use drugs such as finasteride, flutamide, nilutamide, and LH-RH agonists that manipulate hormone levels. In 2010, the FDA approved a therapeutic cancer vaccine, Provenge, for use in some men with metastatic prostate cancer. Provenge may provide a 4-month improvement in overall survival compared with a placebo vaccine. Other similar vaccine therapies are in development. Research on New Blood Tests Some researchers are working to develop new blood tests to detect the antibodies that the immune system produces to fight prostate cancer. When used along with PSA testing, the antibody tests may provide more accurate results about whether or not a man has prostate cancer. Researching New Approaches to Treatment Through research, doctors are trying to find new, more effective ways to treat prostate cancer. Cryosurgery -- destroying cancer by freezing it -- is under study as an alternative to surgery and radiation therapy. To avoid damaging healthy tissue, the doctor places an instrument known as a cryoprobe in direct contact with the tumor to freeze it. Doctors are studying new ways of using radiation therapy and hormonal therapy, too. Studies have shown that hormonal therapy given after radiation therapy can help certain men whose cancer has spread to nearby tissues. Scientists are also testing the effectiveness of chemotherapy and biological therapy for men whose cancer does not respond, or stops responding, to hormonal therapy. They are also exploring new ways to schedule and combine various treatments. For example, they are studying hormonal therapy to find out if using it to shrink the tumor before a man has surgery or radiation might be a useful approach. For men with early stage prostate cancer, researchers are also comparing treatment with watchful waiting. The results of this work will help doctors know whether to treat early stage prostate cancer immediately or only later on, if symptoms occur or worsen.",Prostate Cancer,NIHSeniorHealth
q758,What are the symptoms of Heart Failure ?,"The most common symptoms of heart failure include shortness of breath or difficulty breathing, feeling tired, and swelling. Swelling is caused by fluid build-up in the body. Fluid buildup can lead to weight gain and frequent urination, as well as coughing.",Heart Failure,NIHSeniorHealth
q10265,What are the treatments for lung cancer ?,These resources address the diagnosis or management of lung cancer:  - Genetic Testing Registry: Lung cancer  - Genetic Testing Registry: Non-small cell lung cancer  - Lung Cancer Mutation Consortium: About Mutation Testing  - MedlinePlus Encyclopedia: Lung Cancer--Non-Small Cell  - MedlinePlus Encyclopedia: Lung Cancer--Small Cell  - National Cancer Institute: Drugs Approved for Lung Cancer  - National Cancer Institute: Non-Small Cell Lung Cancer Treatment  - National Cancer Institute: Small Cell Lung Cancer Treatment   These resources from MedlinePlus offer information about the diagnosis and management of various health conditions:  - Diagnostic Tests  - Drug Therapy  - Surgery and Rehabilitation  - Genetic Counseling   - Palliative Care,lung cancer,GHR
q10263,What are the genetic changes related to lung cancer ?,"Cancers occur when genetic mutations build up in critical genes, specifically those that control cell growth and division or the repair of damaged DNA. These changes allow cells to grow and divide uncontrollably to form a tumor. In nearly all cases of lung cancer, these genetic changes are acquired during a person's lifetime and are present only in certain cells in the lung. These changes, which are called somatic mutations, are not inherited. Somatic mutations in many different genes have been found in lung cancer cells.  Mutations in the EGFR and KRAS genes are estimated to be present in up to half of all lung cancer cases. These genes each provide instructions for making a protein that is embedded within the cell membrane. When these proteins are turned on (activated) by binding to other molecules, signaling pathways are triggered within cells that promote cell growth and division (proliferation).  Mutations in either the EGFR or KRAS gene lead to the production of a protein that is constantly turned on (constitutively activated). As a result, cells are signaled to constantly proliferate, leading to tumor formation. When these gene changes occur in cells in the lungs, lung cancer develops.  Mutations in many other genes have each been found in a small proportion of cases.  In addition to genetic changes, researchers have identified many personal and environmental factors that expose individuals to cancer-causing compounds (carcinogens) and increase the rate at which somatic mutations occur, contributing to a person's risk of developing lung cancer. The greatest risk factor is long-term tobacco smoking, which increases a person's risk of developing lung cancer 20-fold. Other risk factors include exposure to air pollution, radon, asbestos, or secondhand smoke; long-term use of hormone replacement therapy for menopause; and a history of lung disease such as tuberculosis, emphysema, or chronic bronchitis. A history of lung cancer in closely related family members is also an important risk factor; however, because relatives with lung cancer were likely smokers, it is unclear whether the increased risk of lung cancer is the result of genetic factors or exposure to secondhand smoke.",lung cancer,GHR
q671,What is (are) Skin Cancer ?,"When the cancer spreads from its original tumor location in the skin to another part of the body such as the brain, it is called metastatic skin cancer. It is not the same as a cancer that started in the brain (brain cancer). Doctors sometimes call this ""distant"" disease.",Skin Cancer,NIHSeniorHealth
q565,What are the treatments for High Blood Cholesterol ?,The main goal of cholesterol-lowering treatment is to lower your LDL (bad) cholesterol level enough to reduce your risk of having a heart attack or diseases caused by narrowing of the arteries.,High Blood Cholesterol,NIHSeniorHealth
